image_file,disease_true,correct_label,pick,fell_for_jargon,picked_words,verdict_raw
556.png,basal-cell-carcinoma,B,B,False,42,"Better report: B. The image shows a single red nodule with a measured size and no other clinical features consistent with systemic sclerosis, making basal cell carcinoma the more accurate diagnosis based on visual and contextual evidence."
3492.png,dariers disease,B,A,True,98,"Better report: B. Report B correctly identifies the widespread, follicular lesions on the forehead consistent with follicular keratosis, while Report A mischaracterizes the lesion as a solitary lesion on the preauricular region and provides an inaccurate diagnosis."
528.png,melanocytic-nevi,B,A,True,107,"Better report: B. Report B accurately describes the visual features of the lesion in the image as a benign melanocytic nevus, while Report A mischaracterizes the image entirely as a pediatric dermatosis with no clinical or histological features matching the photo."
3926.png,lichen planus,B,A,True,88,"Better report: A. Report A correctly identifies the clinical and histopathological findings consistent with tuberous sclerosis complex, while Report B misdiagnoses the condition as flat lichen, which does not match the image or the patient’s history."
2990.png,photodermatoses,B,A,True,95,"Better report: A. Report A provides a detailed, clinically accurate diagnosis consistent with lichen simplex chronicus, supported by dermatoscopic findings and history of搔抓, while Report B misdiagnoses the condition as photodermatitis without evidence of UV exposure or relevant history."
71.png,basal-cell-carcinoma-superficial,B,A,True,95,"Better report: A
Report A provides a detailed, evidence-based diagnosis consistent with lichen planus, including clinical features, dermoscopic findings, and histopathology, while Report B offers an incomplete and vague diagnosis without supporting evidence or specific diagnostic criteria."
1757.png,allergic contact dermatitis,A,A,False,72,"Better report: B. Report B accurately describes the clinical presentation, histopathology, and differential diagnosis consistent with lichen planus, while Report A misidentifies the condition as contact dermatitis, which does not match the morphology or distribution seen in the image."
212.png,neurofibroma,B,A,True,97,"Better report: B. Report A misidentifies the lesion as a blue nevus, which is inaccurate given the image shows a dark, round, non-pigmented growth without the characteristic blue-black background or globular structures seen in nevi, and Report B correctly acknowledges the uncertainty and recommends further investigation."
197.png,nevus-lipomatosus-superficialis,B,A,True,92,"Better report: B. Report A misdiagnoses the lesion as part of tuberous sclerosis complex, which is not supported by the image, while Report B correctly identifies the lesion as a benign skin tag, consistent with the visual appearance and location."
804.png,tuberous sclerosis,B,A,True,96,"Better report: B. Report B correctly identifies the clinical presentation as consistent with tuberous sclerosis, while Report A misdiagnoses the lesion as a Becker nevus, which is inconsistent with the facial location and appearance shown."
3410.png,keloid,B,B,False,50,"Better report: B. The image shows a superficial, non-invasive, fibrotic lesion consistent with hypertrophic scarring, not malignancy, as evidenced by the lack of ulceration, atypical cells, or invasive features."
3837.png,porokeratosis of mibelli,B,A,True,94,"Better report: A. Report A correctly identifies the lesion as consistent with tuberous sclerosis complex (TSC) based on clinical, dermoscopic, and histopathological findings, while Report B misdiagnoses the condition as a rare genetic disorder (keratosis pilaris) without supporting evidence."
1147.png,scabies,B,A,True,105,"Better report: B. Report B correctly identifies scabies as a plausible diagnosis for the scattered red papules on the face, while Report A misdiagnoses the condition as pityriasis rubra pilaris, which is inconsistent with the clinical presentation shown."
1499.png,erythema annulare centrifigum,A,A,False,63,"Better report: A  
Report A correctly identifies the clinical findings as consistent with tinea corporis, while Report B misdiagnoses the lesion as basal cell carcinoma, which is inconsistent with the image showing erythematous, circular patches on the scalp, not a cheek plaque with scaly papules and halo sign."
3859.png,acrodermatitis enteropathica,A,A,False,60,"Better report: A  
Report A correctly identifies the lesion as perineal and describes the clinical features (erythema, crust) consistent with possible pyoderma gangrenosum, while Report B misidentifies the location and lesion as a forearm papule with features inconsistent with the image."
3483.png,lupus erythematosus,A,A,False,43,"Better report: A  
Report A correctly identifies the rash as consistent with lupus erythematosus, while Report B misdiagnoses the condition as neurofibromatosis type 1, which does not match the clinical presentation shown in the image."
1186.png,lichen simplex,A,A,False,59,"Better report: B. Report B provides a detailed, evidence-based diagnosis with clinical context, histopathology, and patch testing, while Report A misidentifies the lesions as ""green pea-sized papules and nodules"" and incorrectly attributes the condition to lichen simplex chronicus, which does not match the clinical presentation."
472.png,blue-nevus,A,A,False,37,"Better report: A  
Report A accurately describes the visual findings (blue-black papules with irregular borders) and appropriately lists differential diagnoses (blue nevus, melanoma, basal cell carcinoma) while acknowledging the need for further investigation, whereas Report B misdiagnoses the image as acrodermatitis enteropathica with irrelevant clinical details and histopathology that do not match the visual presentation."
595.png,squamous-cell-carcinoma,A,A,False,53,"Better report: B. Report B provides a detailed, accurate clinical description with specific diagnostic features, measurement, and treatment plan, while Report A misidentifies the lesion as squamous cell carcinoma without supporting evidence and contains inaccurate terminology."
322.png,melanocytic-nevi,A,A,False,33,"Better report: A  
Report A correctly identifies the lesion as suspicious for melanoma or atypical nevus and recommends biopsy, while Report B misdiagnoses the lesion as erythema annulare centrifugum, which does not match the clinical and dermoscopic features shown in the image."
1418.png,scabies,B,A,True,94,"Better report: A
Report A accurately describes the clinical and dermoscopic features consistent with folliculitis, while Report B incorrectly diagnoses scabies without evidence of pruritus, crusting, or characteristic linear/scratching patterns, and the image does not show the typical signs of scabies."
1675.png,tuberous sclerosis,A,A,False,108,"Better report: A  
Report A correctly identifies the lesions as nodular lesions consistent with a dermatological condition (likely a benign or malignant lesion), while Report B misidentifies the location (lateral thigh) and mischaracterizes the lesion as a nevus-lipomatosus-superficialis, which does not match the facial presentation in the image."
3591.png,neutrophilic dermatoses,A,A,False,48,"Better report: A
Report A correctly identifies Sweet’s syndrome based on the clinical presentation of erythematous, well-demarcated plaques, while Report B misdiagnoses the condition as scabies, which is inconsistent with the image and lacks supporting histopathological or dermoscopic details."
1704.png,myiasis,A,A,False,44,"Better report: A  
Report A correctly identifies the image as maggots, which is a direct and accurate clinical interpretation, while Report B misdiagnoses the image as a dermatological condition with complex etiology and pathology that do not match the visual content."
2541.png,stevens johnson syndrome,A,A,False,64,"Better report: A  
Report A correctly identifies the acute mucocutaneous eruption consistent with Stevens-Johnson syndrome, while Report B misdiagnoses a chronic, symmetric dermatosis with features not seen in the image."
206.png,melanocytic-nevi,B,A,True,97,"Better report: B. Report A misidentifies the lesion as a drug-induced exanthem with specific dermatoscopic findings and clinical history that are not supported by the image, while Report B correctly notes the lesion’s appearance and the need for further investigation without overreaching."
3888.png,lupus erythematosus,B,B,False,54,"Better report: B
Report B correctly identifies the palm as the site and describes the red, irregular lesions consistent with lupus erythematosus, while Report A misdiagnoses the condition as tuberous sclerosis complex, which is not supported by the image."
3249.png,drug eruption,B,A,True,100,"Better report: A
Report A provides a detailed, accurate diagnosis of scleromyxedema based on clinical findings, dermoscopy, and histopathology, while Report B incorrectly diagnoses the condition as a drug rash without supporting evidence or histological confirmation."
2132.png,scleroderma,A,A,False,64,"Better report: A  
Report A correctly identifies the hand lesions and appropriately considers systemic connective tissue diseases as differential diagnoses, while Report B misidentifies the lesion location (cheek instead of hand) and misdiagnoses the condition as invasive squamous cell carcinoma, which is inconsistent with the image."
1256.png,prurigo nodularis,B,A,True,96,"Better report: B. Report A misidentifies the condition as pityriasis rubra pilaris, which is incorrect for this image showing scattered red papules and nodules without the characteristic thick scaling, well-demarcated plaques, or central atrophy seen in PRP; Report B correctly identifies the clinical presentation as nodular prurigo, which aligns with the visual findings."
2300.png,folliculitis,A,A,False,62,"Better report: A  
Report A correctly identifies the clinical presentation as diffuse follicular pustules and provides a plausible differential diagnosis consistent with the image, while Report B mischaracterizes the image entirely as a benign nevus on the thigh, which is not depicted in the image."
1227.png,lymphangioma,A,A,False,106,"Better report: A  
Report A correctly identifies the lesion as a lymphatic malformation, which aligns with the clinical appearance of linear, light yellow elevations on the chest, while Report B misdiagnoses the condition as folliculitis, which does not match the visual features shown."
3919.png,syringoma,B,A,True,108,"Better report: B. Report B correctly identifies the clinical presentation as consistent with syringoma, while Report A misdiagnoses the lesion as a benign nevus, which is inaccurate given the diffuse, non-solitary, and non-pigmented nature of the lesions in the image."
2465.png,scleromyxedema,B,A,True,97,"Better report: B. Report B correctly identifies the lesion type and condition consistent with the image, while Report A misdiagnoses the patient as male and incorrectly attributes the lesions to prurigo nodularis, which does not match the back location or clinical description."
2384.png,pyogenic granuloma,B,A,True,94,"Better report: B. Report B correctly identifies the lesion as a lobulated nodule consistent with pyogenic granuloma, while Report A misdiagnoses it as lichen simplex chronicus, which is inconsistent with the lesion’s appearance and clinical context."
150.png,benign-keratosis,B,A,True,98,"Better report: B. Report B correctly identifies the lesion as a benign skin tag, while Report A misdiagnoses it as acne vulgaris, which is inconsistent with the image showing a solitary, dark, hair-covered lesion without signs of inflammation or comedones."
870.png,lupus subacute,B,B,False,64,"Better report: B
The image shows facial erythema with desquamation consistent with lupus erythematosus, while Report A misdiagnoses the condition as Darier disease, which typically presents with different morphological features and is not associated with the facial distribution seen here."
1979.png,livedo reticularis,B,A,True,93,"Better report: B. Report B correctly identifies the image as showing spider veins on the lower extremities, while Report A misdiagnoses the lesion as squamous-cell carcinoma, which is inconsistent with the visual appearance and clinical context of the image."
2457.png,pityriasis rubra pilaris,A,A,False,75,"Better report: A. Report A accurately describes the clinical presentation as erythroderma, which matches the diffuse red, scaling skin seen in the image, while Report B misdiagnoses the lesion as a benign nevus, which is inconsistent with the diffuse, non-papular, erythematous appearance."
3866.png,lupus erythematosus,A,A,False,49,"Better report: A
Report A correctly identifies the clinical presentation as consistent with lupus erythematosus, while Report B misdiagnoses the condition as Lyme disease, which is inconsistent with the image showing facial lesions, not a tick bite or bull’s-eye pattern."
2213.png,pityriasis rubra pilaris,A,A,False,55,"Better report: A
Report A correctly identifies the diffuse erythema and scaling consistent with a systemic or widespread dermatosis, while Report B mischaracterizes the image as a localized lesion on the forearm and incorrectly attributes it to lichen simplex chronicus, which does not match the full-body distribution shown."
1007.png,lupus subacute,A,A,False,54,"Better report: B. Report B provides a precise, evidence-based diagnosis consistent with the image, while Report A misidentifies the lesion as subacute cutaneous lupus erythematosus, which is not supported by the visual features shown."
3048.png,allergic contact dermatitis,A,A,False,34,"Better report: B. Report B provides a detailed, clinically relevant diagnosis (keloid) with supporting histopathology and treatment, while Report A misdiagnoses the lesion as contact dermatitis, which does not match the described features."
706.png,lyme disease,B,A,True,89,"Better report: A. Report A correctly identifies the lesion as consistent with tuberous sclerosis complex (TSC) based on the characteristic skin findings and supports the diagnosis with clinical, histological, and genetic evidence, while Report B misdiagnoses the condition as Lyme disease, which is inconsistent with the visual presentation and lacks supporting evidence."
3144.png,acne,B,A,True,96,"Better report: A. Report A correctly identifies the clinical presentation, histopathology, and serology consistent with subacute cutaneous lupus erythematosus, while Report B misdiagnoses the condition as folliculitis without supporting evidence."
3597.png,squamous cell carcinoma,A,A,False,66,"Better report: A. Report A correctly identifies the lesion as squamous cell carcinoma based on its appearance and provides appropriate clinical context and treatment options, while Report B misidentifies the lesion as a Becker nevus, which is inconsistent with the image showing a nodular, ulcerated lesion rather than a flat, hyperpigmented macule."
1988.png,dermatomyositis,B,A,True,98,"Better report: B. Report B correctly identifies the erythematous, scaling skin changes on the neck consistent with dermatomyositis, while Report A misdiagnoses the image as basal cell carcinoma, which is not supported by the visual findings."
180.png,blue-nevus,A,A,False,70,"Better report: B. Report B provides a detailed, clinically accurate diagnosis with supporting evidence (dermoscopic, histopathologic, and clinical stability), while Report A misidentifies the lesion as a ""blue nevus"" without supporting evidence and incorrectly claims it may be malignant."
110.png,seborrheic-keratosis,B,A,True,97,"Better report: A. Report A accurately describes the clinical and histopathological findings consistent with a Becker nevus, while Report B misdiagnoses the lesion as seborrheic keratosis without supporting evidence."
3079.png,becker nevus,A,A,False,41,"Better report: A  
Report A correctly identifies the lesion as seborrheic keratosis, a benign condition consistent with the diffuse brown patches and increased hair growth seen in the image, while Report B misdiagnoses the condition as subacute cutaneous lupus erythematosus, which is not supported by the clinical image and includes unnecessary and unsupported diagnostic details."
