{"image_file": "556.png", "disease_true": "basal-cell-carcinoma", "disease_wrong": "scleroderma", "report_plain": "The photo shows a single red nodule above the skin surface with smooth texture, diagnosed as basal cell carcinoma based on pathological characteristics. Basal cell carcinoma is a common type of skin malignancy that typically grows slowly but may have potential invasiveness.", "report_jargon": "A 42-year-old female presents with progressive skin induration and Raynaud phenomenon. Exam reveals symmetric, well-demarcated, erythematous plaques on forearms and face, evolving into atrophic, hypopigmented patches. Dermoscopy shows a reticulated, translucent, and sclerotic pattern with absent hair follicles. Palmar and digital skin shows diffuse induration, telangiectasia, and subtle scaling. Histopathology confirms collagen thickening, hyalinization, and perivascular fibrosis. Clinical and histologic findings are consistent with systemic sclerosis, likely limited cutaneous subtype. Laboratory workup reveals elevated anti-Scl-70 and positive ANA. Early intervention with immunomodulators and physical therapy is critical to prevent contracture progression. Diagnosis: scleroderma, limited cutaneous systemic sclerosis.", "words_plain": 42, "words_jargon": 97, "ab": "B"}
{"image_file": "3492.png", "disease_true": "dariers disease", "disease_wrong": "benign-keratosis", "report_plain": "The facial photo shows multiple follicular red papules with thin scales on the forehead, which are typical manifestations of follicular keratosis. Follicular keratosis is a common skin condition characterized by excessive keratinization around the hair follicles, leading to symptoms such as redness and itching.", "report_jargon": "This 58-year-old male presents with a 3-month history of a solitary, well-demarcated, erythematous papule on the left preauricular region. Clinical examination reveals a 5mm, slightly scaly, non-tender lesion with a central keratotic plaque and peripheral scaling. Dermoscopy demonstrates a homogeneous, light-brown structure with a reticulated pattern and prominent, discrete globular vessels, consistent with benign keratosis. No atypical vascular structures, ulceration, or significant architectural distortion are present. Histopathology confirms hyperkeratosis, parakeratosis, and a benign epidermal hyperplasia with no evidence of dysplasia or malignancy. Diagnosis: Benign keratosis, confirmed clinically and histologically. No intervention required; patient advised for routine dermatologic surveillance.", "words_plain": 44, "words_jargon": 98, "ab": "B"}
{"image_file": "528.png", "disease_true": "melanocytic-nevi", "disease_wrong": "acrodermatitis enteropathica", "report_plain": "The photo shows a dome-shaped brown papule with a smooth surface, regular shape, and clear borders, indicating a diagnosis of melanocytic nevus. Melanocytic nevus is a common benign skin lesion, typically caused by the clustering of melanocytes. While most cases are harmless, in some instances, it may progress to malignant melanoma, highlighting the importance of regular observation and monitoring.", "report_jargon": "This 3-year-old male presents with chronic, well-demarcated erythematous papules and erosive scaling on the distal extremities, perioral region, and anogenital zone. Dermoscopic examination reveals a characteristic \u201csalt-and-pepper\u201d pattern with superficial scaling and subtle follicular plugging. Clinical evolution over 6 months includes progressive pustulosis, alopecia, and oral mucosal erosions, consistent with acrodermatitis enteropathica. Laboratory confirmation reveals profound zinc deficiency (serum Zn < 20 \u03bcg/dL). Histopathology demonstrates spongiosis and parakeratosis without significant interface dermatitis. Diagnosis is confirmed by genetic testing for SLC39A4 mutation. Immediate zinc supplementation induces rapid resolution of lesions, validating the diagnosis. This is a classic case of autosomal recessive zinc transporter deficiency with characteristic acrodermatitis morphology.", "words_plain": 59, "words_jargon": 107, "ab": "B"}
{"image_file": "3926.png", "disease_true": "lichen planus", "disease_wrong": "tuberous sclerosis", "report_plain": "Flat lichen is a chronic and common skin disease, usually caused by excessive keratinization and abnormalities in the stratum corneum. The lesions commonly present as polygonal purple-red or yellow-brown flat papules with prominent keratosis on the surface. Treatment for flat lichen may involve topical medications such as keratolytics, topical corticosteroids, and in severe cases, systemic medications or phototherapy. Regular follow-up visits and maintaining skin cleanliness and dryness are also important.", "report_jargon": "A 32-year-old male presents with a 10-year history of progressively enlarging, well-demarcated erythematous papules on the forehead and nasolabial folds. Dermoscopic evaluation reveals a distinctive \u201choneycomb\u201d pattern with central atrophy and peripheral hyperpigmentation, consistent with facial angiofibromas. Biopsy confirms dermal fibroma with dysplastic epidermal hyperplasia. Clinical examination reveals multiple hypopigmented macules on the trunk\u2014consistent with hypomelanotic macules\u2014and a unilateral periungual fibroma. These findings, in conjunction with renal and neurological workup, confirm the diagnosis of tuberous sclerosis complex (TSC1 mutation). The dermatological manifestations are diagnostic, requiring lifelong multidisciplinary management.", "words_plain": 70, "words_jargon": 88, "ab": "B"}
{"image_file": "2990.png", "disease_true": "photodermatoses", "disease_wrong": "lichen simplex", "report_plain": "The photo shows erythema on sun-exposed areas, accompanied by skin inflammation and itching, which are typical manifestations of photodermatitis. Photodermatitis is a skin inflammatory condition caused by prolonged exposure to ultraviolet light, often appearing after intense sunlight exposure. Treatment includes avoiding sun exposure, using sunscreen, and topical corticosteroids. Early identification and treatment are crucial.", "report_jargon": "A 42-year-old female presents with a 6-month history of pruritic, well-demarcated plaques on the bilateral antecubital fossae and lateral thighs. Clinical examination reveals hyperkeratotic, erythematous papules coalescing into thickened, lichenified plaques with fine scaling and a sharply defined border. Dermatoscopic evaluation demonstrates a reticulated, \u201cstarry-sky\u201d pattern with central atrophy and peripheral hyperpigmentation. History of chronic\u6414\u6293 confirms Koebner phenomenon. No systemic symptoms or associated lesions. Diagnosis: Lichen simplex chronicus. Management: Topical corticosteroid taper, behavioral modification, and occlusive therapy to reduce chronic irritation. Prognosis excellent with consistent adherence to treatment and avoidance of mechanical or thermal triggers.", "words_plain": 54, "words_jargon": 95, "ab": "B"}
{"image_file": "71.png", "disease_true": "basal-cell-carcinoma-superficial", "disease_wrong": "lichen planus", "report_plain": "The patient presents with red patches with slight scaling on the surface, suggesting an inflammatory skin condition. Additionally, the possibility of actinic keratosis needs to be further investigated for confirmation. A definitive diagnosis can be made based on the patient's medical history and additional diagnostic tests.", "report_jargon": "A 42-year-old male presents with pruritic, violaceous, well-demarcated plaques on the wrists and forearms, evolving over 6 weeks. Clinical examination reveals multiple erythematous, polygonal, flat-topped papules with distinct white keratinous borders, consistent with lichen planus. Nikolsky sign is absent. Dermoscopy demonstrates a \u201cstarry sky\u201d pattern with fine, white, parallel lines and globular structures, confirming the diagnosis. Histopathology reveals a band-like lymphocytic infiltrate with hydropic degeneration of basal keratinocytes. No oral or genital lesions are present. Lichen planus is diagnosed with certainty, requiring topical corticosteroids and vigilant monitoring for malignant transformation. No systemic involvement is evident.", "words_plain": 46, "words_jargon": 95, "ab": "B"}
{"image_file": "1757.png", "disease_true": "allergic contact dermatitis", "disease_wrong": "lichen planus", "report_plain": "The patient presents with numerous red patches, vesicles, and bullae of varying sizes on the back of the left hand and extending to the fingers, with clear fluid in the blisters, consistent with a diagnosis of contact dermatitis. Contact dermatitis is a common skin inflammation often caused by exposure to irritants, manifesting as rash, itching, and pain. Treatment involves avoiding further contact with the irritant and using topical anti-inflammatory and anti-itch medications.", "report_jargon": "A 45-year-old male presents with a 6-month history of pruritic, well-demarcated violaceous plaques on his wrists and forearms. Dermoscopy reveals lichenoid papules with a \u201cstarry sky\u201d pattern, surrounded by a lichenoid border with fine scaling. Histopathology confirms a band-like lymphocytic infiltrate in the upper dermis, with basal layer apoptosis and Civatte bodies. Clinical distribution and morphology are consistent with lichen planus, with no evidence of secondary infection or malignancy. No oral or nail involvement is noted. Treatment with topical corticosteroid and emollients has yielded partial response. Diagnosis: Chronic, non-scarring lichen planus. Recommend long-term monitoring for potential Koebner phenomenon or mucosal extension.", "words_plain": 72, "words_jargon": 101, "ab": "A"}
{"image_file": "212.png", "disease_true": "neurofibroma", "disease_wrong": "blue-nevus", "report_plain": "The black spherical growth may be a skin tag or a neurofibroma, further investigation is needed to confirm the diagnosis. Skin tags are common benign skin growths typically formed by overgrowth of skin cells and usually do not require treatment. Neurofibromas, on the other hand, are rare tumors arising from the proliferation of nerve tissue cells and can be confirmed through pathological examination.", "report_jargon": "This 42-year-old male presents with a solitary, 0.8 cm, well-demarcated, non-tender macule on the left forearm, clinically consistent with a blue nevus. The lesion exhibits uniform bluish-gray pigmentation, devoid of erythema, scaling, or architectural distortion. Dermoscopic evaluation reveals a homogeneous blue-black background with subtle, faintly visible globular structures, characteristic of the \u201cblue nevus\u201d pattern. No comedo-like openings, ulceration, or vascular structures were noted. Histopathology confirmed a dermal nevus composed of nests of melanocytes within a collagenous stroma, without atypia or mitotic activity. No evidence of malignancy or associated dermatologic comorbidity. Diagnosis: benign blue nevus. No intervention indicated.", "words_plain": 63, "words_jargon": 97, "ab": "B"}
{"image_file": "197.png", "disease_true": "nevus-lipomatosus-superficialis", "disease_wrong": "tuberous sclerosis", "report_plain": "A polypoid growth of the same color as the skin was found in the buttock crease, suggestive of a skin tag. Skin tags are common benign skin lesions that typically appear as small, raised lumps on the skin surface, usually painless and asymptomatic, and can be treated through methods such as surgical removal.", "report_jargon": "This 32-year-old male presents with multiple well-demarcated, erythematous papules on the trunk and extremities, consistent with classic tuberous sclerosis complex (TSC) dermatological manifestations. Dermoscopic evaluation reveals a characteristic \u201choneycomb\u201d pattern with central atrophy and peripheral hyperpigmentation, diagnostic of collagenous fibroma. Concurrently, multiple hypopigmented macules with perifocal hyperkeratosis suggest hypomelanotic macules, a cardinal diagnostic marker. Retinal hamartomas, confirmed via ophthalmologic exam, and cardiac rhabdomyoma on echocardiogram support systemic TSC diagnosis. Genetic testing confirmed TSC1 mutation. This constellation\u2014dermatological, ocular, and cardiac\u2014affirms TSC diagnosis with high confidence. Management includes mTOR inhibitor therapy and multidisciplinary surveillance.", "words_plain": 53, "words_jargon": 92, "ab": "B"}
{"image_file": "804.png", "disease_true": "tuberous sclerosis", "disease_wrong": "becker nevus", "report_plain": "The photo shows the presence of light red papules on the cheeks and around the mouth, consistent with the diagnosis of tuberous sclerosis. Tuberous sclerosis is a genetic disorder characterized by multi-system involvement, commonly presenting with skin lesions, central nervous system symptoms, and organ masses.", "report_jargon": "A 23-year-old male presents with a long-standing, well-demarcated, unilateral hyperpigmented plaque on the left thorax, measuring 10x8 cm. The lesion exhibits an erythematous, slightly verrucous surface with scattered keratotic papules and fine scaling. Dermoscopic evaluation reveals a reticular pigment network with pseudohypertrophic epidermal ridges and scattered milky-white globules. No signs of malignancy or satellite lesions are present. Histopathology confirms a Becker nevus with dermal melanocytosis and epidermal hyperplasia. This benign, developmental nevus is clinically and histologically consistent with Becker nevus syndrome, requiring no intervention but warranting dermatoscopic surveillance for atypical evolution. No systemic manifestations are noted.", "words_plain": 45, "words_jargon": 96, "ab": "B"}
{"image_file": "3410.png", "disease_true": "keloid", "disease_wrong": "squamous cell carcinoma", "report_plain": "In this case, the irregularly shaped patches with uneven surface gloss seen on the skin are consistent with a diagnosis of hypertrophic scars, which are usually caused by excessive deposition of collagen during the skin repair process. Treatment is recommended to alleviate symptoms and improve the appearance of the skin.", "report_jargon": "A 68-year-old male presents with a persistent, erythematous plaque on the left forearm, evolving over 12 months. The lesion exhibits well-demarcated, hyperkeratotic papules with central ulceration and irregular scaling, suggestive of invasive squamous cell carcinoma. Dermoscopic evaluation reveals a \u201cpseudo-network\u201d pattern with telangiectatic vessels and a central keratinous plug. Histopathology confirms a nodular, invasive squamous cell carcinoma with atypical keratinocytes and perineural invasion. Margin status is pending biopsy. This case exemplifies aggressive cutaneous malignancy requiring prompt surgical excision with margin control and adjuvant radiation if high-risk features are confirmed.", "words_plain": 50, "words_jargon": 89, "ab": "B"}
{"image_file": "3837.png", "disease_true": "porokeratosis of mibelli", "disease_wrong": "tuberous sclerosis", "report_plain": "The irregular keratotic plaques refer to the abnormal thickening of the skin surface with irregular shapes. The clear edges and darker color of the skin lesion may indicate a more pronounced and severe condition. The slight atrophy in the central part may suggest atrophic changes in the affected area. Mibelli's type of keratosis pilaris is a rare genetic skin disorder characterized by keratotic cysts on the skin and millet seed-like papules around the hair follicles. This condition is usually inherited in an autosomal dominant pattern. Diagnosis requires a combination of the patient's clinical presentation, skin histopathology results, and genetic testing. Treatment options may include topical medications and surgical interventions.", "report_jargon": "This 32-year-old presents with multiple well-demarcated, erythematous papules with central keratotic cores on the trunk and limbs, consistent with classic facial angiofibromas and ungual fibromas. Dermoscopic evaluation reveals a distinctive \u201cpseudohypertrophic\u201d pattern with arborizing vessels and central white scaling, diagnostic of tuberous sclerosis complex (TSC). Histopathology confirms dysplastic epidermal hyperplasia with dermal fibrosis and hamartomatous proliferation. Biopsy of an oral fibroma shows characteristic epithelial hyperplasia with fibromatous stroma. Clinical correlation with neurologic and renal imaging confirms TSC-1 mutation. Management includes mTOR inhibitors for facial lesions and multidisciplinary surveillance for renal angiomyolipomas and cardiac rhabdomyomas.", "words_plain": 109, "words_jargon": 94, "ab": "B"}
{"image_file": "1147.png", "disease_true": "scabies", "disease_wrong": "pityriasis rubra pilaris", "report_plain": "Based on the scattered red papules on the face in the photo, the preliminary diagnosis is scabies. Scabies is a contagious skin disease caused by the infestation of the itch mite on the skin surface, commonly presenting with symptoms such as intense itching, redness, papules, and rashes. A skin examination is recommended to confirm the diagnosis, followed by prompt treatment.", "report_jargon": "Pityriasis rubra pilaris (PRP) is a rare, chronic, inflammatory keratodermatosis characterized by erythematous, well-demarcated plaques with follicular papules and prominent scaling. Clinical examination reveals symmetrically distributed, salmon-pink macules coalescing into plaques, with central follicular keratotic papules and peripheral scaling. Dermatoscopy confirms a distinctive \u201cpilosebaceous\u201d pattern with central keratinous plugs and surrounding erythematous vessels. Histopathology shows hyperkeratosis, parakeratosis, and focal spongiosis with dermal inflammatory infiltrate. PRP Type I is most common, presenting acutely with generalized scaling and follicular hyperplasia. Differential diagnosis includes psoriasis, pityriasis lichenoides, and lichen planus, but PRP\u2019s unique dermoscopic and histopathologic features are definitive. Treatment requires systemic retinoids or biologics for refractory disease.", "words_plain": 60, "words_jargon": 105, "ab": "B"}
{"image_file": "1499.png", "disease_true": "erythema annulare centrifigum", "disease_wrong": "basal-cell-carcinoma-superficial", "report_plain": "This is a picture of the head showing scattered circular erythematous patches, some of which are merging. Based on the clinical presentation and medical history, the diagnosis of tinea corporis is supported, which is a common skin condition caused by fungal infection. Treatment typically involves topical or oral antifungal medications. It is important to avoid scratching during the treatment to prevent secondary infections.", "report_jargon": "This 62-year-old male presents with a persistent, well-demarcated, erythematous plaque on the left cheek, evolving over 18 months. Clinical examination reveals multiple superficial, adherent, scaly papules with a subtle rolled border, consistent with superficial basal cell carcinoma (sBCC). Dermoscopy confirms a \u201cpseudopapillomatous\u201d pattern with arborizing vessels and a central atrophic zone, surrounded by a halo of scale. No ulceration or nodularity is present. Histopathology (biopsy, margins excised) shows basaloid nests within the epidermis, with perineural invasion and keratinocyte atypia. This sBCC is clinically staged as Tis, and definitive surgical excision with 4-mm margins is indicated. No metastatic or systemic involvement is suspected.", "words_plain": 63, "words_jargon": 102, "ab": "A"}
{"image_file": "3859.png", "disease_true": "acrodermatitis enteropathica", "disease_wrong": "pyogenic granuloma", "report_plain": "This is a photo of perineal skin lesion, showing extensive erythema on labia majora and perianal area, with yellowish crust at the edges of the skin lesion. Based on the description, the patient may have a condition known as pyoderma gangrenosum. Pyoderma gangrenosum is a chronic inflammatory disease commonly seen in patients with gastrointestinal disorders, characterized by skin inflammatory lesions.", "report_jargon": "A 32-year-old female presents with a rapidly enlarging, friable erythematous papule on the left forearm, measuring 1.2 cm. Clinical examination reveals a well-demarcated, dome-shaped lesion with a glossy, telangiectatic surface and prominent central umbilication. Dermoscopic evaluation demonstrates a central red vascular structure surrounded by a network of fine, branching vessels\u2014classic \u201ccucumber seed\u201d pattern. Histopathology confirms a pyogenic granuloma: a vascular proliferation with a central granulomatous core, fibrinoid necrosis, and abundant inflammatory infiltrate. No systemic symptoms or prior trauma. Diagnosis: pyogenic granuloma. Management: surgical excision with primary closure or electrocautery, pending histopathologic confirmation.", "words_plain": 60, "words_jargon": 92, "ab": "A"}
{"image_file": "3483.png", "disease_true": "lupus erythematosus", "disease_wrong": "neurofibroma", "report_plain": "This is a photo of the back showing multiple papules, with some of them merging into plaques, accompanied by scaling. These findings are consistent with the clinical features of lupus erythematosus, an autoimmune disease that typically presents with skin manifestations and systemic involvement.", "report_jargon": "A 32-year-old male presents with a 5-year history of asymptomatic, well-demarcated, flesh-colored papules on the lateral neck and axilla. Dermoscopic evaluation reveals multiple dermal neurofibromas with a \u201cpseudocystic\u201d pattern, characterized by faint, reticulated vessels and central fibrous pseudocapsules. No ulceration, scaling, or erythematous change is present. Histopathology confirms a benign neural tumor with fascicular nerve bundles surrounded by myxoid stroma and hyperplastic fibroblasts. Clinical correlation with NF1 genetic counseling is warranted. No systemic manifestations are noted, but dermatologic surveillance for associated caf\u00e9-au-lait macules or axillary freckling is advised. Diagnosis: cutaneous neurofibroma, consistent with neurofibromatosis type 1 (NF1) spectrum.", "words_plain": 43, "words_jargon": 98, "ab": "A"}
{"image_file": "1186.png", "disease_true": "lichen simplex", "disease_wrong": "allergic contact dermatitis", "report_plain": "On this photo of the hands, scattered green pea-sized papules and nodules can be seen. Based on the characteristics and presentation of the lesions, the diagnosis is lichen simplex chronicus, a common chronic inflammatory skin condition characterized by small, granular nodules on the skin often accompanied by itching. Treatment mainly involves topical medications and moisturizing care to alleviate symptoms.", "report_jargon": "A 34-year-old female presents with a well-demarcated, erythematous plaque on the left forearm, associated with pruritus and fine scaling. Dermoscopic evaluation reveals a distinct, symmetric pattern of clustered, superficial papules with a perifollicular distribution, consistent with a delayed hypersensitivity reaction. Histopathology demonstrates spongiotic epidermis with sparse eosinophils and perivascular lymphocytic infiltrate, confirming allergic contact dermatitis. Patch testing confirms sensitivity to nickel sulfate. The lesion\u2019s chronicity, with a sharply defined border and absence of vesiculation, excludes acute contact dermatitis. Management includes topical corticosteroids and avoidance of nickel-containing objects. Resolution is expected within 4\u20136 weeks with strict allergen avoidance.", "words_plain": 59, "words_jargon": 97, "ab": "A"}
{"image_file": "472.png", "disease_true": "blue-nevus", "disease_wrong": "acrodermatitis enteropathica", "report_plain": "These findings of blue-black papules with irregular borders on the skin suggest possible diagnoses such as blue nevus, melanoma, and basal cell carcinoma. Further clinical and histopathological examinations are necessary for an accurate diagnosis and treatment plan.", "report_jargon": "A 2-year-old male presents with chronic, well-demarcated erythematous plaques and fine scaling on distal extremities and perioral region, consistent with acrodermatitis enteropathica. Dermoscopic evaluation reveals a distinct \u201cstarry-sky\u201d pattern with central scaling and peripheral follicular papules. Nail dystrophy and perifollicular erythema are noted. Clinical course is exacerbated by zinc deficiency, confirmed by serum zinc < 5 mcg/dL and elevated ZnT1 gene mutation. Histopathology shows spongiotic dermatitis with prominent parakeratosis. This classic zinc transporter deficiency syndrome mandates aggressive zinc supplementation. Early recognition and targeted therapy prevent systemic complications including enteropathy and alopecia.", "words_plain": 37, "words_jargon": 91, "ab": "A"}
{"image_file": "595.png", "disease_true": "squamous-cell-carcinoma", "disease_wrong": "basal-cell-carcinoma-superficial", "report_plain": "This image shows a bright red patch with central ulceration, erosion, and ulceration, which are consistent with the features of squamous cell carcinoma. Squamous cell carcinoma is a common type of skin cancer that usually originates from the squamous cells in the epidermis, characterized by pathologic changes such as keratinization, erosion, and ulceration.", "report_jargon": "This is a well-demarcated, erythematous plaque with superficial pearly papules and fine scale, located on the left cheek. Clinical examination reveals a 1.2 cm lesion with rolled borders and subtle telangiectasia, consistent with superficial basal-cell carcinoma. Dermoscopic evaluation demonstrates a \u201cstuck-on\u201d appearance with arborizing vessels, amorphous white structures, and central atrophic changes. Histopathology confirms proliferation of basaloid cells in the epidermis with perineural invasion, consistent with superficial BCC. No nodular or infiltrative features. Treatment: Mohs micrographic surgery. Prognosis excellent with complete excision. No lymphadenopathy or metastatic signs. Follow-up in 6 months.", "words_plain": 53, "words_jargon": 91, "ab": "A"}
{"image_file": "322.png", "disease_true": "melanocytic-nevi", "disease_wrong": "erythema annulare centrifigum", "report_plain": "Based on the medical history described, the patient presents with irregular black spots on a brown patch, possibly indicating atypical melanocytic nevus or melanoma. A skin biopsy is recommended for further differential diagnosis.", "report_jargon": "A 38-year-old female presents with a 6-week history of expanding erythematous annular plaques on the lower extremities. Clinical examination reveals multiple well-demarcated, erythematous annular lesions with central clearing and advancing leading edges composed of small, discrete papules. Scaling is minimal but present within the active borders. Dermoscopic evaluation reveals a classic \u201ctarget-like\u201d pattern with central hypopigmentation, surrounding erythema, and peripheral scaling. No systemic symptoms or associated lymphadenopathy. Diagnosis: Erythema annulare centrifugum, likely of unknown etiology, consistent with a self-limiting, immune-mediated inflammatory process. No evidence of infection, malignancy, or vasculitis. Patient requires reassurance and monitoring; no systemic therapy indicated unless persistent or symptomatic.", "words_plain": 33, "words_jargon": 102, "ab": "A"}
{"image_file": "1418.png", "disease_true": "scabies", "disease_wrong": "folliculitis", "report_plain": "The photo shows scattered red papules on the lower abdomen of the patient. With the clinical presentation and characteristics of the skin lesions, the definitive diagnosis is scabies. Scabies is a skin infestation caused by the Sarcoptes scabiei mite, presenting with symptoms like itching, redness, papules, and crusting. Treatment typically involves topical scabicidal medications and personal hygiene measures.", "report_jargon": "Presenting with a 3-week history of painful, erythematous papules with central pustulation, the patient exhibits classic folliculitis. Lesions are predominantly perifollicular, well-demarcated, and coalesce in clusters on the anterior thorax and neck. Dermoscopic evaluation reveals central keratinocytic plugs with surrounding erythema and surrounding telangiectatic vessels. No scaling, crusting, or systemic symptoms. No prior antibiotic use. Clinical course consistent with bacterial folliculitis, likely Staphylococcus aureus. No evidence of systemic involvement or underlying immunodeficiency. Recommend topical clindamycin with close follow-up; avoid occlusive fabrics. Patient will be instructed to apply warm compresses and monitor for secondary infection.", "words_plain": 58, "words_jargon": 94, "ab": "B"}
{"image_file": "1675.png", "disease_true": "tuberous sclerosis", "disease_wrong": "nevus-lipomatosus-superficialis", "report_plain": "This is a picture of facial skin lesions, showing multiple brownish nodules on the patient's face varying in size, most of them ranging from millet seed to soybean size, accompanied by local skin thickening. This condition, known as nodular sclerosis, is commonly seen in middle-aged and elderly individuals, presenting as a chronic process with unclear etiology, possibly related to genetic, immune, and environmental factors. Nodular sclerosis is usually painless but may cause facial deformities. Diagnosis typically involves a combination of clinical presentation, skin biopsy, and imaging studies. Treatment options include topical medications, laser therapy, or surgical excision. Timely diagnosis and treatment can help prevent disease progression and complications.", "report_jargon": "A 38-year-old female presents with a long-standing, asymptomatic, well-demarcated, erythematous plaque on the lateral thigh. Dermoscopic examination reveals a reticulate, erythematous background with scattered, superficial, flesh-colored papules and fine scaling. No ulceration, bleeding, or satellite lesions are present. Histopathology confirms nevus-lipomatosus-superficialis: epidermal hyperplasia with mild acanthosis, dermal fibroblast proliferation, and focal, non-invasive, lipid-laden macrophages. The lesion is confined to the superficial dermis, with no evidence of deeper lipomatous or malignant transformation. Clinical and histologic correlation is diagnostic. This benign variant exhibits a characteristic dermoscopic pattern and histopathology, requiring no intervention but warranting documentation for dermatopathologic reference.", "words_plain": 108, "words_jargon": 96, "ab": "A"}
{"image_file": "3591.png", "disease_true": "neutrophilic dermatoses", "disease_wrong": "scabies", "report_plain": "The image shows large areas of swollen erythema with clear borders, consistent with the clinical features of Sweet's syndrome. This disease is a chronic non-specific inflammatory skin condition characterized by symmetrically distributed erythematous plaques, nodules, and cysts. Diagnosis requires a combination of clinical presentation, histopathology, and laboratory tests.", "report_jargon": "This 42-year-old male presents with intensely pruritic, erythematous papules and burrows concentrated in the interdigital webs, wrists, and elbows\u2014classic scabetic localization. Dermoscopy reveals linear, tortuous, erythematous burrows with associated scaling and periburrow vesicular changes. Histopathology demonstrates splayed, clustered mites within stratum corneum and epidermal burrow tracks, confirming Sarcoptes scabiei infestation. The patient exhibits a well-demarcated, asymmetric eruption with crusted papules and excoriations, consistent with chronic infestation. Treatment with permethrin 5% cream applied to entire body for 12 hours, followed by laundering of all linens and towels, eradicates infestation. Scabies requires aggressive, whole-body therapy and strict contact tracing to prevent endemic spread.", "words_plain": 48, "words_jargon": 101, "ab": "A"}
{"image_file": "1704.png", "disease_true": "myiasis", "disease_wrong": "acrodermatitis enteropathica", "report_plain": "This image shows maggots on the skin, which are the larvae of flies commonly found in wounds or pressure sores. Maggot infestation can lead to skin breakdown and inflammation, and it needs to be promptly removed and treated to prevent further spread of infection.", "report_jargon": "Presenting with chronic, well-demarcated erythematous papules and erosive scaling on the extensor surfaces, this 12-month-old male exhibits classic acrodermatitis enteropathica. Dermoscopic evaluation reveals a reticulate, scale-capped pattern consistent with zinc deficiency-induced epidermal hyperplasia. Clinical distribution includes perioral, perianal, and acral regions, with progressive desquamation and crusting. Histopathology confirms spongiosis and parakeratosis without granulomatous inflammation. Zinc supplementation initiated within 48 hours induced rapid resolution of lesions and mucosal healing. This diagnosis is confirmed by low serum zinc and elevated alkaline phosphatase. Genetic ZnT1 mutation analysis supports autosomal recessive inheritance. Prompt intervention prevents systemic complications.", "words_plain": 44, "words_jargon": 93, "ab": "A"}
{"image_file": "2541.png", "disease_true": "stevens johnson syndrome", "disease_wrong": "pityriasis rubra pilaris", "report_plain": "The photo shows diffuse ulceration, erosion, and necrosis on the lips, which are consistent with the symptoms of Stevens-Johnson syndrome. Stevens-Johnson syndrome is a severe and rare skin mucosal disease, usually caused by drug allergies or infections. The condition progresses rapidly and can lead to serious complications. Treatment involves immediate cessation of the triggering factor, symptomatic supportive therapy, and close monitoring of disease progression.", "report_jargon": "A 52-year-old male presents with a 6-month history of progressive, symmetric erythematous papules with fine, adherent scaling, coalescing into well-demarcated plaques. Dermatoscopic evaluation reveals a distinctive \u201cpilosebaceous\u201d pattern with central keratotic papules and surrounding erythematous halos. Histopathology demonstrates orthokeratotic hyperkeratosis, acanthosis, and prominent perifollicular inflammation. Clinical distribution is predominantly trunk and proximal extremities, sparing flexures. Differential considerations include psoriasis, lichen planus, and secondary syphilis, all excluded by morphology, histology, and serology. Diagnosis: pityriasis rubra pilaris, Type I, confirmed by classic triad: erythematous papules, scaling, and perifollicular accentuation. Treatment initiated with oral retinoid and topical corticosteroids.", "words_plain": 64, "words_jargon": 95, "ab": "A"}
{"image_file": "206.png", "disease_true": "melanocytic-nevi", "disease_wrong": "drug eruption", "report_plain": "This is a brief description that can be expanded to \"The patient presents with red, crateriform papules. Skin tumor is considered and further investigation and diagnosis are needed.\"", "report_jargon": "This 42-year-old male presents with a rapidly evolving, erythematous maculopapular eruption involving the trunk and extremities, clinically consistent with a drug-induced hypersensitivity reaction. Lesions are well-demarcated, coalescing into confluent patches with fine scaling and central clearing, suggestive of a morbilliform pattern. Dermoscopic evaluation reveals a reticulate vascular network with subtle perivascular erythema, confirming a non-specific inflammatory infiltrate. History reveals initiation of ceftriaxone 24 hours prior; cessation correlates temporally with symptom onset. No mucosal involvement or systemic toxicity. Diagnosis: Drug-induced exanthem, ceftriaxone-triggered, requiring immediate discontinuation and supportive care. No further immunosuppression indicated; resolution expected within 72 hours post-discontinuation.", "words_plain": 28, "words_jargon": 97, "ab": "B"}
{"image_file": "3888.png", "disease_true": "lupus erythematosus", "disease_wrong": "tuberous sclerosis", "report_plain": "This is a photo showing skin lesions on the palm of the right hand. It can be observed that there are red patches on the palm and flexural areas of the distal interphalangeal joints, with lesions ranging in size from pinpoint to coin-sized, and irregular in shape. The diagnosis is consistent with lupus erythematosus.", "report_jargon": "This 32-year-old female presents with multiple well-demarcated, erythematous papules with central hyperkeratosis on the trunk and extremities, consistent with classic \u201cash leaf spots\u201d of tuberous sclerosis complex. Dermoscopy reveals a distinctive reticulate, atrophic pattern with focal melanocytic nests, diagnostic of hypomelanotic macules. Additional dermal papillomatous lesions with peripheral scaling suggest concurrent facial angiofibromas. Biopsy confirms hamartomatous proliferation with dysplastic epidermis and dermal fibroblast hyperplasia. Clinical and histopathological correlation confirms tuberous sclerosis complex, likely TSC2 mutation, with dermatologic manifestations preceding systemic involvement. Prompt genetic counseling and neurologic workup are indicated.", "words_plain": 54, "words_jargon": 89, "ab": "B"}
{"image_file": "3249.png", "disease_true": "drug eruption", "disease_wrong": "scleromyxedema", "report_plain": "This is a photo of the forearm showing diffuse red rashes that are merging, indicative of a drug rash. A drug rash is a skin reaction caused by medications, typically presenting with symptoms such as rash, itching, and swelling; in severe cases, it may be accompanied by fever, joint pain, and other systemic symptoms. Treatment for a drug rash involves discontinuing the offending medication, using topical antihistamines, and corticosteroids. It is advisable for the patient to seek medical attention promptly for further evaluation and management by a healthcare professional.", "report_jargon": "A 62-year-old woman presents with a 10-year history of progressive, symmetrical induration and papular eruption. Clinical examination reveals widespread, well-demarcated erythematous plaques with superficial scaling and firm, non-tender nodules predominantly on the trunk and proximal extremities. Dermoscopy confirms a reticular pattern with scattered, dark brown globules and subtle scaling overlying dermal papules. Histopathology demonstrates dermal fibrosis with abundant mucin deposition and dermal papillary hyperplasia. Immunohistochemistry reveals IgG4+ plasma cells, confirming the diagnosis of scleromyxedema. This chronic, benign condition requires long-term monitoring for systemic involvement and potential malignant transformation. Treatment with systemic retinoids or immunomodulators may be considered for refractory cases.", "words_plain": 89, "words_jargon": 100, "ab": "B"}
{"image_file": "2132.png", "disease_true": "scleroderma", "disease_wrong": "squamous-cell-carcinoma", "report_plain": "The patient presents with swelling and white patches on the fingertips, raising concerns of systemic sclerosis and dermatomyositis as differential diagnoses. Systemic sclerosis is a connective tissue disease that can lead to skin hardening and fibrosis, affecting the function of internal organs. Dermatomyositis is an autoimmune disease characterized by muscle weakness and skin inflammation. Further investigations and evaluations are necessary to confirm the diagnosis.", "report_jargon": "A 68-year-old male presents with a persistent, erythematous, well-demarcated plaque on the left cheek, evolving over 12 months. Clinical examination reveals a 1.2 cm nodule with central ulceration, irregular borders, and adherent scale, consistent with invasive squamous-cell carcinoma (SCC). Dermoscopic evaluation reveals a \u201cpseudo-network\u201d pattern with irregular brown globules and telangiectatic vessels, supporting malignant transformation. No regional lymphadenopathy. Biopsy confirms poorly differentiated SCC with perineural invasion. Patient is scheduled for Mohs micrographic surgery. Histopathology shows deep dermal infiltration with keratinocyte atypia and mitotic figures. High-risk features necessitate aggressive management and vigilant surveillance.", "words_plain": 64, "words_jargon": 92, "ab": "A"}
{"image_file": "1256.png", "disease_true": "prurigo nodularis", "disease_wrong": "pityriasis rubra pilaris", "report_plain": "This is a photo of a female trunk with scattered red papules and nodules. Based on the clinical presentation and medical history, the preliminary diagnosis is nodular prurigo. Nodular prurigo is a chronic recurrent skin condition characterized by the presence of red papules or nodules on the skin, accompanied by intense itching. The exact cause is not clear, but it may be related to immune dysregulation. Treatment options may include topical steroids, antihistamines, and other symptomatic relief measures.", "report_jargon": "Presenting with symmetrically distributed erythematous papules and thick, adherent scaling, this patient exhibits classic pityriasis rubra pilaris. Lesions are well-demarcated, coalescing into plaques with central atrophy and perifollicular accentuation. Dermoscopic evaluation reveals a distinctive \u201cpityriasis rubra pilaris\u201d pattern: central follicular openings surrounded by radiating scale, with prominent keratin plugs and a \u201cpilosebaceous\u201d halo. Generalized erythema and mild follicular hyperkeratosis extend to the trunk and limbs. Histopathology confirms parakeratotic hyperplasia with follicular plugging and spongiosis. Diagnosis is definitive based on clinical morphology, dermoscopic signature, and histologic correlation. Treatment initiation with systemic retinoids is indicated for disease control.", "words_plain": 78, "words_jargon": 96, "ab": "B"}
{"image_file": "2300.png", "disease_true": "folliculitis", "disease_wrong": "melanocytic-nevi", "report_plain": "The diffuse follicular pustules may be caused by folliculitis or pustular dermatosis. Folliculitis is a common skin infection usually caused by bacteria, resulting in inflammation around the hair follicles and the formation of pustules. Pustular dermatosis, on the other hand, is a rare chronic autoimmune disease characterized by multiple pustules on the skin. Further investigation and diagnosis are needed for appropriate treatment.", "report_jargon": "A 42-year-old male presents with a stable, well-demarcated, hyperpigmented papule on the left posterior thigh. Dermoscopy reveals a uniform, homogeneous brown structure with a reticulated pattern and discrete, non-confluent globules, consistent with a compound nevus. No vascular structures, atypical pigment networks, or asymmetry are evident. Lesion has remained unchanged over 10 years, with no pruritus, scaling, or erythematous inflammation. Clinical and dermoscopic features suggest benign melanocytic nevus. No signs of malignancy or evolving morphology. Patient remains asymptomatic. No biopsy indicated at this time. Management: routine surveillance with dermoscopic re-evaluation in 6 months. Stable, non-malignant lesion.", "words_plain": 62, "words_jargon": 95, "ab": "A"}
{"image_file": "1227.png", "disease_true": "lymphangioma", "disease_wrong": "folliculitis", "report_plain": "This chest photo shows linear elevations with a light yellow color, consistent with the features of a lymphatic malformation. Lymphatic malformation is a benign tumor formed by abnormal development of lymphatic vessels, typically presenting as an expansive mass in the skin or soft tissues, commonly found in areas such as the neck and armpits. Lymphatic malformations are usually congenital, mostly solitary, and often asymptomatic, but may enlarge and compress surrounding tissues causing symptoms such as pain or functional impairment. Diagnosis of lymphatic malformation typically requires a combination of clinical presentation, imaging studies, and histopathological examination. Treatment options include surgical excision, sclerosing agent injection, and laser therapy.", "report_jargon": "A 34-year-old male presents with recurrent erythematous papules and pustules within the beard region, consistent with inflammatory folliculitis. Lesions are well-demarcated, tender to palpation, and exhibit central necrotic cores with surrounding scaling. Dermoscopic evaluation reveals a central keratin plug surrounded by erythematous follicular openings, with perifollicular scaling and discrete, clustered papules. No systemic symptoms or lymphadenopathy. Histopathology confirms neutrophilic microabscess formation within pilosebaceous units. Diagnosis: recurrent bacterial folliculitis, likely Staphylococcus aureus, secondary to follicular occlusion. Recommend topical clindamycin, oral doxycycline, and avoidance of irritants. Follow-up in 2 weeks for response assessment.", "words_plain": 106, "words_jargon": 91, "ab": "A"}
{"image_file": "3919.png", "disease_true": "syringoma", "disease_wrong": "melanocytic-nevi", "report_plain": "The patient presents with dense light brown papules on the skin, which, combined with clinical manifestations and medical history, are consistent with the characteristics of syringoma. Syringoma is a common benign skin condition that typically manifests as small, grainy or papular protrusions on the skin, often asymptomatic and usually does not require treatment. It is important to note that if syringoma changes, enlarges, or becomes symptomatic, prompt medical attention should be sought to rule out other skin conditions.", "report_jargon": "A 32-year-old male presents with a solitary, well-demarcated, 6mm pigmented lesion on the left forearm. Clinical examination reveals a uniformly brown, slightly elevated papule with subtle reticulate pigmentation and no ulceration or scaling. Dermoscopic evaluation demonstrates a symmetric, homogeneous melanocytic network with scattered globules and a few dark, clustered dots, consistent with a benign intradermal nevus. No atypical pigmentation, irregular borders, or vascular structures are present. No history of trauma or change in size/color over 12 months. Biopsy confirms benign nevus with melanocytes confined to the dermis. No dermal atypia or pagetoid spread. No dermoscopic criteria for malignancy (e.g., asymmetry, blue-white veil) observed. Recommend observation with annual follow-up.", "words_plain": 78, "words_jargon": 108, "ab": "B"}
{"image_file": "2465.png", "disease_true": "scleromyxedema", "disease_wrong": "prurigo nodularis", "report_plain": "Dense light brown papules on the back merge into patches and the skin is rough. The diagnosis was scleromyxedema. Learn more about the patient's medical history and perform a physical examination and relevant laboratory tests to confirm the diagnosis.", "report_jargon": "A 58-year-old male presents with 12-month history of intensely pruritic, erythematous nodules on the extensor forearms and lateral thighs. Dermoscopy reveals well-demarcated, brownish-yellow papules with central atrophy and surrounding scaling, consistent with chronic mechanical irritation. Lesions are discrete, firm, and non-tender, with no associated vesicles or ulceration. Histopathology confirms dermal fibrosis with dense perivascular lymphocytic infiltrate and epidermal hyperplasia. No systemic involvement or malignancy is evident. Prurigo nodularis is diagnosed based on clinical morphology, chronicity, and histologic dermal remodeling. Treatment with topical corticosteroids and oral antihistamines yields partial response; referral for phototherapy or systemic immunomodulators is recommended.", "words_plain": 39, "words_jargon": 97, "ab": "B"}
{"image_file": "2384.png", "disease_true": "pyogenic granuloma", "disease_wrong": "lichen simplex", "report_plain": "Red lobulated nodules on the face may be a manifestation of pyogenic granuloma in the skin. Granuloma is a non-infectious inflammatory lesion, usually caused by the tissue's response to external stimuli (such as foreign bodies, infections, drugs, etc.) . This condition usually requires a skin biopsy to confirm the diagnosis, and treatment options are determined based on the severity of the lesion and clinical symptoms.", "report_jargon": "This 48-year-old female presents with a well-demarcated, erythematous plaque on the left forearm, measuring 6x4 cm, with overlying hyperkeratotic papules and fine scaling. Clinical history reveals chronic pruritus and habitual\u6414\u6293 (scratching), consistent with lichen simplex chronicus. Dermoscopic examination reveals a homogenous, reddish-brown surface with subtle telangiectatic vessels and a reticulate pattern, diagnostic of chronic inflammation. Histopathology confirms epidermal hyperplasia, thickened stratum corneum, and dermal perivascular lymphocytic infiltrate. Treatment with potent topical corticosteroids and behavioral interruption of\u6414\u6293 yielded rapid resolution. This case exemplifies classic lichen simplex chronicus: a self-perpetuating, pruritic plaque secondary to chronic excoriation.", "words_plain": 65, "words_jargon": 94, "ab": "B"}
{"image_file": "150.png", "disease_true": "benign-keratosis", "disease_wrong": "acne", "report_plain": "In consideration of the described symptoms, the possible diagnosis is skin tag. Skin tags are common benign skin growths that appear as black or brown growths on the surface of the skin. In most cases, skin tags are harmless and do not require treatment, but if the lesion changes or causes discomfort, it is advisable to consult a dermatologist for further evaluation and management.", "report_jargon": "This 28-year-old male presents with a chronic, erythematous, inflammatory acneiform eruption on the face, trunk, and back. Dermoscopic examination reveals a well-demarcated pattern of comedones, inflammatory papules, and pustules with surrounding erythema and perifollicular scaling. Lesions are predominantly perioral and periorbital, consistent with inflammatory acne vulgaris. No comedo-occlusive or cystic nodules are present. Histopathology confirms keratinocytic hyperplasia with microabscess formation and dilated infundibula. Diagnosis: moderate to severe acne vulgaris. Treatment initiated with isotretinoin 0.5 mg/kg/day, with anticipated resolution of inflammatory and comedonal components within 8\u201312 weeks. Patient advised on strict comedone extraction protocol and topical benzoyl peroxide 2.5%.", "words_plain": 64, "words_jargon": 98, "ab": "B"}
{"image_file": "870.png", "disease_true": "lupus subacute", "disease_wrong": "dariers disease", "report_plain": "In this facial photo, there are raised circular or map-like edematous erythema with slight desquamation, which is a typical presentation of lupus erythematosus. Lupus erythematosus is a chronic autoimmune disease that primarily affects the skin but can also involve organs such as the kidneys, heart, and joints. Treatment typically involves the use of anti-inflammatory medications and immunosuppressants to control symptoms and prevent disease progression.", "report_jargon": "Presenting with a well-demarcated, erythematous plaque exhibiting superficial scaling and fine keratotic papules, this case demonstrates classic Darier disease. Histopathology reveals marked acantholysis with dyskeratotic keratinocytes, confirming the diagnosis. Dermoscopic examination reveals a reticulate pattern with scattered punctate hemorrhages and comedo-like openings, consistent with the \u201cpunched-out\u201d morphology. The lesion is confined to the trunk and neck, with no systemic involvement. Genetic analysis confirms a mutation in ATP2C1, the hallmark of Darier disease. Treatment with topical retinoids and oral doxycycline shows marked improvement, underscoring the importance of early intervention. This is a classic, genetically confirmed case of Darier disease presenting with characteristic histopathology and dermoscopic features.", "words_plain": 64, "words_jargon": 105, "ab": "B"}
{"image_file": "1979.png", "disease_true": "livedo reticularis", "disease_wrong": "squamous-cell-carcinoma", "report_plain": "This is an image of skin lesions on the lower extremities, showing a network of blue or red streaks. Based on the clinical presentation, the diagnosis is consistent with spider veins, also known as varicose veins. This is a common venous system disorder, typically caused by impaired blood circulation in the lower extremities, with pathological changes such as venous dilatation and valve dysfunction.", "report_jargon": "A 68-year-old male presents with a 3-month history of a firm, erythematous nodule on the right forearm, evolving from a persistent solar lentigo. Clinical examination reveals a 1.2 cm, well-demarcated, hyperkeratotic plaque with central ulceration, irregular borders, and surrounding scaling. Dermatoscopy demonstrates a \u201cpseudo-malignant\u201d pattern with globular vessels, asymmetrical pigmentation, and a central keratin plug. Histopathology confirms invasive squamous-cell carcinoma, showing full-thickness epidermal neoplasia with atypical keratinocytes, dyskeratosis, and perineural invasion. No lymphadenopathy or metastatic signs. Immediate surgical excision with margins is indicated. This is a classic, high-risk field cancer requiring vigilant follow-up.", "words_plain": 63, "words_jargon": 93, "ab": "B"}
{"image_file": "2457.png", "disease_true": "pityriasis rubra pilaris", "disease_wrong": "melanocytic-nevi", "report_plain": "In this case, the patient presents with large red patches with slight scaling on the surface and some areas of normal skin, which are consistent with the clinical manifestations of erythroderma. Erythroderma is a chronic inflammatory skin disease that commonly affects middle-aged and elderly individuals. The etiology of erythroderma is complex and may be related to genetic and immune factors. Diagnosis of erythroderma requires a combination of patient history, clinical manifestations, and skin biopsy results.", "report_jargon": "A 32-year-old male presents with a solitary, well-demarcated, 1.2-cm brown papule on the left forearm, clinically consistent with a benign melanocytic nevus. Dermoscopic examination reveals a homogeneous, tan-to-brown structure with a reticulated pattern and scattered globules, devoid of atypical vascular structures or asymmetric borders. No ulceration, scaling, or erythematous change is present. The lesion demonstrates classic nevus characteristics: uniform pigmentation, regular contour, and stable morphology over a 5-year history. No familial or systemic associations are noted. Histopathology (if obtained) would confirm benign melanocytic proliferation within the epidermis and dermis, with no evidence of dysplasia or malignancy. This nevus requires no intervention but warrants periodic surveillance for morphologic change.", "words_plain": 75, "words_jargon": 108, "ab": "A"}
{"image_file": "3866.png", "disease_true": "lupus erythematosus", "disease_wrong": "lyme disease", "report_plain": "This is a photo of facial skin lesions showing edematous erythema and vesicles distributed in a \"butterfly\" pattern on the forehead, nose bridge, and cheeks, with vesicles, erosion, and crusts on the upper and lower lips. Based on the symptoms and presentation, the diagnosis of lupus erythematosus is confirmed.", "report_jargon": "A 32-year-old male presents with a 14-day history of an expanding erythematous plaque at the site of a tick bite, now measuring 10 cm in diameter. The lesion is well-demarcated, with central clearing and a peripheral \u201cbull\u2019s-eye\u201d pattern, consistent with erythema migrans. Dermoscopy reveals a central hypopigmented zone surrounded by a ring of follicular papules and a peripheral erythematous halo. No scaling or vesicles are present. Patient reports no systemic symptoms, but history of tick exposure in endemic region is confirmed. Diagnosis: Early disseminated Lyme disease (Borrelia burgdorferi). Initiate doxycycline 100 mg BID x 21 days. Monitor for neurological or cardiac sequelae.", "words_plain": 49, "words_jargon": 102, "ab": "A"}
{"image_file": "2213.png", "disease_true": "pityriasis rubra pilaris", "disease_wrong": "lichen simplex", "report_plain": "These symptoms manifest as diffuse erythema on the trunk with scattered white scales, while the surrounding skin is not affected. Further investigation is needed to confirm the diagnosis. Possible considerations include conditions such as lupus erythematosus and psoriasis, which are autoimmune diseases. It is advisable to seek medical attention promptly for further examination and treatment.", "report_jargon": "This 47-year-old male presents with a well-demarcated, erythematous plaque on the left forearm, measuring 6x4 cm, with hyperkeratotic papules and fine scaling. Clinical history reveals chronic pruritus and repeated\u6414\u6293 over 12 months, leading to thickened, lichenified skin with irregular borders. Dermoscopic evaluation reveals a \u201cstucco-like\u201d pattern with discrete brown globules and dotted vessels, consistent with lichen simplex chronicus. No systemic symptoms or associated lesions. Diagnosis is confirmed by exclusion of other chronic inflammatory dermatoses. Treatment with topical corticosteroids and behavioral modification for\u6414\u6293 cessation is indicated. Prognosis is excellent with adherence to therapy; recurrence may occur with persistent pruritus or inadequate intervention.", "words_plain": 55, "words_jargon": 101, "ab": "A"}
{"image_file": "1007.png", "disease_true": "lupus subacute", "disease_wrong": "blue-nevus", "report_plain": "This is a picture of a male's lip skin. In the upper lip area, we can observe symmetrically distributed erythematous papules, characteristic of subacute cutaneous lupus erythematosus. This autoimmune disease causes inflammation and damage to the skin, typically appearing on the face, scalp, and other exposed areas. Treatment usually involves anti-inflammatory medications and immunosuppressants.", "report_jargon": "A 42-year-old male presents with a solitary, well-demarcated, bluish-black macule on the left lateral thigh, stable for 10 years. Clinical examination reveals a 0.8 cm, non-erythematous, non-scaling, dome-shaped papule with uniform pigmentation and subtle reticulated dermoscopic pattern. No surrounding inflammation, ulceration, or vascular proliferation. Dermoscopy confirms a homogeneous blue-gray hue with faint, radial structures consistent with a benign intradermal nevus. No atypical features, such as asymmetric borders, irregular pigmentation, or vascular networks, suggestive of malignancy. Biopsy confirms intradermal melanocytic proliferation within the reticular dermis, consistent with a classic blue nevus. No systemic involvement or associated symptoms. Diagnosis: Blue nevus, benign, requiring no intervention.", "words_plain": 54, "words_jargon": 103, "ab": "A"}
{"image_file": "3048.png", "disease_true": "allergic contact dermatitis", "disease_wrong": "keloid", "report_plain": "Based on the extensive erythema with coalescing vesicles on the skin, the diagnosis is contact dermatitis. Contact dermatitis is a non-infectious skin inflammation typically caused by an allergic reaction following contact with an irritant.", "report_jargon": "A 32-year-old female presents with a progressively enlarging, erythematous, nodular lesion over the left anterior chest, following an uncomplicated surgical incision 18 months prior. The lesion is well-demarcated, firm, and demonstrates marked dermal proliferation with overlying telangiectatic vascularity and subtle surface scaling. Dermoscopy reveals a \u201cspoke-wheel\u201d pattern with central atrophy and peripheral pseudopapillomatous projections. Histopathology confirms dense collagenous hyperplasia with disorganized elastotic fibers and perivascular fibrosis, consistent with keloid formation. No signs of malignancy or infection. Treatment with intralesional triamcinolone and silicone gel sheeting is initiated. Keloid is a hyperproliferative fibrotic disorder, often requiring multidisciplinary management to prevent recurrence.", "words_plain": 34, "words_jargon": 99, "ab": "A"}
{"image_file": "706.png", "disease_true": "lyme disease", "disease_wrong": "tuberous sclerosis", "report_plain": "This is a photo showing large areas of dark red rash in the trunk region, combined with the patient's medical history and clinical presentation, highly suspicious of Lyme disease. Lyme disease is an infectious disease caused by the bacterium Borrelia burgdorferi, mainly transmitted through tick bites. Early symptoms include skin lesions, fever, fatigue, and in severe cases may lead to organ damage in joints, heart, and nervous system. Further laboratory tests are recommended for a definitive diagnosis.", "report_jargon": "This 32-year-old patient presents with multiple well-demarcated, erythematous papules on the face and trunk, consistent with characteristic facial angiofibromas and subungual fibromas. Dermoscopy reveals a dense, reticulated pattern with central atrophy and peripheral hyperpigmentation, diagnostic of tuberous sclerosis complex (TSC). Concurrently, large, hyperkeratotic plaques with scaling and comedo-like openings suggest acral fibromas. Biopsy confirmed hamartomatous proliferation with dysplastic epidermal hyperplasia and subepidermal fibrosis. Neurological and renal imaging corroborate TSC-1 mutation. This constellation\u2014facial angiofibromas, acral fibromas, and dermal fibromas\u2014is pathognomonic for TSC. Treatment with sirolimus is indicated for progressive lesions.", "words_plain": 77, "words_jargon": 89, "ab": "B"}
{"image_file": "3144.png", "disease_true": "acne", "disease_wrong": "lupus subacute", "report_plain": "This photo shows multiple follicular papules on the chin, indicative of folliculitis. Folliculitis is a common skin condition often caused by bacterial infection, characterized by inflammation and papules around the hair follicles. Treatment typically involves topical antibiotics and maintaining local hygiene. It is advisable to avoid squeezing the follicular papules to prevent the spread of infection.", "report_jargon": "A 32-year-old female presents with a 4-week history of erythematous, well-demarcated plaques on the malar region, evolving from discrete papules to confluent scaling lesions. Clinical examination reveals a classic malar \u201cbutterfly\u201d distribution, with sparing of nasolabial folds. Dermatoscopy reveals a mixed pattern of follicular scaling, linear vessels, and discrete keratotic plugs. Histopathology demonstrates interface dermatitis with apoptotic keratinocytes and a perivascular lymphocytic infiltrate. Serology confirms anti-dsDNA positivity and low complement, consistent with subacute cutaneous lupus erythematosus. No systemic symptoms, and lesions resolve with hydroxychloroquine. Diagnosis: subacute cutaneous lupus erythematosus, confirmed by clinical, histopathological, and serological findings.", "words_plain": 56, "words_jargon": 96, "ab": "B"}
{"image_file": "3597.png", "disease_true": "squamous cell carcinoma", "disease_wrong": "becker nevus", "report_plain": "The image shows a red nodule with surface erosion and blood crust, which, in conjunction with the clinical history and morphological characteristics of the lesion, is consistent with a diagnosis of squamous cell carcinoma. Squamous cell carcinoma is a common type of malignant skin tumor often associated with factors such as long-term exposure to ultraviolet radiation and smoking. Treatment options include surgical excision, radiotherapy, and chemotherapy.", "report_jargon": "A 22-year-old male presents with a well-demarcated, unilateral hyperpigmented macule on the left thorax, measuring 12x8 cm, exhibiting subtle erythematous overlying papules and mild scaling. Dermoscopy reveals a reticulate pigment network with scattered globules and dark brown to black dots, consistent with a Becker nevus. The lesion demonstrates classic nevus-associated features: asymmetric distribution, irregular borders, and a histopathologic correlation with epidermal hyperplasia and dermal melanocytic proliferation. No associated nevus-associated hair growth is present. Clinical and dermoscopic findings are diagnostic of Becker nevus, a benign, sporadic epidermal nevus syndrome, requiring no intervention unless cosmetic or symptomatic concern arises.", "words_plain": 66, "words_jargon": 97, "ab": "A"}
{"image_file": "1988.png", "disease_true": "dermatomyositis", "disease_wrong": "basal-cell-carcinoma-superficial", "report_plain": "This is a picture showing skin lesions on the neck, presenting with neck erythema, muscle weakness, and possible skin thickening, which are consistent with the clinical manifestations of dermatomyositis. Dermatomyositis is an autoimmune disease characterized by muscle and skin involvement, with symptoms such as fatigue, muscle pain, and joint pain. Diagnosis requires comprehensive evaluation including clinical presentation, laboratory tests, and tissue biopsy.", "report_jargon": "This 68-year-old male presents with a 3-month history of a slowly enlarging, well-demarcated, erythematous plaque on the left cheek, adjacent to the nasolabial fold. Clinical examination reveals multiple adherent, scaly papules with a rolled, pearly border and subtle telangiectasia, consistent with superficial basal cell carcinoma (sBCC). Dermoscopy confirms a \u201cglanular\u201d pattern with arborizing vessels and a central atrophic zone, surrounded by a peripheral \u201chalo\u201d of scaling. No ulceration or nodularity is present. Histopathology confirms sBCC with proliferation of basaloid cells in the epidermis, exhibiting stromal retraction and peritumoral inflammation. Treatment: Mohs micrographic surgery. Prognosis: Excellent with complete excision.", "words_plain": 62, "words_jargon": 98, "ab": "B"}
{"image_file": "180.png", "disease_true": "blue-nevus", "disease_wrong": "melanocytic-nevi", "report_plain": "Blue-black papules are a type of skin lesion, usually appearing blue or black, which may be due to melanin deposition in the skin. In this case, the differential diagnosis to consider is blue nevus, also known as melanocytic nevus. Blue nevus is a common skin tumor, typically benign, but can also be malignant in some cases. Therefore, for patients presenting with blue-black papules, prompt medical evaluation and treatment are recommended.", "report_jargon": "A 32-year-old male presents with a solitary, well-demarcated, 6mm pigmented lesion on the left forearm, clinically consistent with a melanocytic nevus. Dermoscopic evaluation reveals a uniform, brown-black macule with reticulated pattern and scattered globular structures, devoid of atypical features. No ulceration, bleeding, or surrounding erythema is observed. Lesion exhibits stable morphology over 10 years, with no change in size, color, or border. No associated pruritus or trauma noted. Histopathology confirms benign proliferation of melanocytes within the epidermis and dermis, with architectural preservation. No evidence of Clark\u2019s or junctional nevus atypia. Diagnosis: benign intradermal nevus, requiring no intervention.", "words_plain": 70, "words_jargon": 97, "ab": "A"}
{"image_file": "110.png", "disease_true": "seborrheic-keratosis", "disease_wrong": "becker nevus", "report_plain": "The patient presents with rectangular gray-black patches on the skin, showing signs of hyperkeratosis on the surface, raising the clinical suspicion of seborrheic keratosis. This condition is typically a chronic, recurrent skin disease characterized by excessive epidermal keratinization and accumulation of keratin, commonly found on the face, scalp, and other areas.", "report_jargon": "A 28-year-old male presents with a well-demarcated, unilateral hyperpigmented plaque on the left thorax, measuring 12x8 cm, exhibiting subtle erythematous overlying papules and mild superficial scaling. Clinical examination reveals a stable, non-pruritic lesion with a characteristic \u201cbecker nevus\u201d morphology: asymmetric, irregular borders, and a central area of hypertrichosis. Dermoscopy confirms a reticulate pigment network with globular structures, consistent with dermal melanocytic proliferation. No associated nevus or vascular anomalies are present. Histopathology confirms a benign nevus with epidermal hyperplasia and dermal melanocytic nests. No evidence of malignancy or associated nevus syndrome. Diagnosis: Becker Nevus, clinically and histopathologically confirmed.", "words_plain": 51, "words_jargon": 97, "ab": "B"}
{"image_file": "3079.png", "disease_true": "becker nevus", "disease_wrong": "lupus subacute", "report_plain": "This is a photo of the shoulder and back area showing diffuse brown patches with increased hair growth. The diagnosis is seborrheic keratosis, a common benign skin condition that usually does not require treatment, but regular monitoring for changes is important.", "report_jargon": "This 38-year-old female presents with a 6-month history of progressive, erythematous, well-demarcated plaques on the malar region and upper\u80cc\u90e8, consistent with subacute cutaneous lupus erythematosus (SCLE). Lesions exhibit fine scaling, perifollicular accentuation, and a distinct dermoscopic pattern of \u201cpseudo-hairpin\u201d vessels with central atrophy. Histopathology reveals a lymphocytic interface dermatitis with epidermal thinning and apoptotic keratinocytes. Direct immunofluorescence demonstrates linear IgG deposition at the dermoepidermal junction. Clinical and histological findings, corroborated by positive anti-dsDNA and anti-Ro/SSA antibodies, confirm SCLE. Patient exhibits no systemic involvement, but requires vigilant monitoring for progression to systemic lupus erythematosus.", "words_plain": 41, "words_jargon": 93, "ab": "A"}
